{	"EchoTime": 0.085,
	"RepetitionTime": 11.1,
	"FlipAngle": 90,
	"EffectiveEchoSpacing": 0.000344999,
	"TotalReadoutTime": 0.0382949,
	"PixelBandwidth": 1653,
	"PhaseEncodingDirection": "j",
	"SliceTiming": [
		0,
		5.6475,
		0.15,
		5.795,
		0.2975,
		5.945,
		0.4475,
		6.0925,
		0.595,
		6.2425,
		0.745,
		6.39,
		0.8925,
		6.5375,
		1.04,
		6.6875,
		1.19,
		6.835,
		1.3375,
		6.985,
		1.4875,
		7.1325,
		1.635,
		7.2825,
		1.785,
		7.43,
		1.9325,
		7.58,
		2.08,
		7.7275,
		2.23,
		7.875,
		2.3775,
		8.025,
		2.5275,
		8.1725,
		2.675,
		8.3225,
		2.825,
		8.47,
		2.9725,
		8.62,
		3.1225,
		8.7675,
		3.27,
		8.915,
		3.4175,
		9.065,
		3.5675,
		9.2125,
		3.715,
		9.3625,
		3.865,
		9.51,
		4.0125,
		9.66,
		4.1625,
		9.8075,
		4.31,
		9.955,
		4.4575,
		10.105,
		4.6075,
		10.2525,
		4.755,
		10.4025,
		4.905,
		10.55,
		5.0525,
		10.7,
		5.2025,
		10.8475,
		5.35,
		10.995,
		5.4975	]
}
